"street,city,zip,state,beds,baths,price"
"3526 HIGH ST,SACRAMENTO,95838,CA,2,1,59222"
"51 OMAHA CT,SACRAMENTO,95823,CA,3,1,68212"
"2796 BRANCH ST,SACRAMENTO,95815,CA,2,1,68880"
"2805 JANETTE WAY,SACRAMENTO,95815,CA,2,1,69307"
"6001 MCMAHON DR,SACRAMENTO,95824,CA,2,1,81900"
"5828 PEPPERMILL CT,SACRAMENTO,95841,CA,3,1,89921"
"6048 OGDEN NASH WAY,SACRAMENTO,95842,CA,3,2,90895"
"2561 19TH AVE,SACRAMENTO,95820,CA,3,1,91002"
"11150 TRINITY RIVER DR Unit 114,RANCHO CORDOVA,95670,CA,2,2,94905"
"7325 10TH ST,RIO LINDA,95673,CA,3,2,98937"
"645 MORRISON AVE,SACRAMENTO,95838,CA,3,2,100309"
"4085 FAWN CIR,SACRAMENTO,95823,CA,3,2,106250"
"2930 LA ROSA RD,SACRAMENTO,95815,CA,1,1,106852"
"2113 KIRK WAY,SACRAMENTO,95822,CA,3,1,107502"
"4533 LOCH HAVEN WAY,SACRAMENTO,95842,CA,2,2,108750"
"7340 HAMDEN PL,SACRAMENTO,95842,CA,2,2,110700"
"6715 6TH ST,RIO LINDA,95673,CA,2,1,113263"
"6236 LONGFORD DR Unit 1,CITRUS HEIGHTS,95621,CA,2,1,116250"
"250 PERALTA AVE,SACRAMENTO,95833,CA,2,1,120000"
"113 LEEWILL AVE,RIO LINDA,95673,CA,3,2,121630"
"6118 STONEHAND AVE,CITRUS HEIGHTS,95621,CA,3,2,122000"
"4882 BANDALIN WAY,SACRAMENTO,95823,CA,4,2,122682"
"7511 OAKVALE CT,NORTH HIGHLANDS,95660,CA,4,2,123000"
"9 PASTURE CT,SACRAMENTO,95834,CA,3,2,124100"
"3729 BAINBRIDGE DR,NORTH HIGHLANDS,95660,CA,3,2,125000"
"3828 BLACKFOOT WAY,ANTELOPE,95843,CA,3,2,126640"
"4108 NORTON WAY,SACRAMENTO,95820,CA,3,1,127281"
"1469 JANRICK AVE,SACRAMENTO,95832,CA,3,2,129000"
"9861 CULP WAY,SACRAMENTO,95827,CA,4,2,131200"
"7825 CREEK VALLEY CIR,SACRAMENTO,95828,CA,3,2,132000"
"5201 LAGUNA OAKS DR Unit 140,ELK GROVE,95758,CA,2,2,133000"
"6768 MEDORA DR,NORTH HIGHLANDS,95660,CA,3,2,134555"
"3100 EXPLORER DR,SACRAMENTO,95827,CA,3,2,136500"
"7944 DOMINION WAY,ELVERTA,95626,CA,3,2,138750"
"5201 LAGUNA OAKS DR Unit 162,ELK GROVE,95758,CA,2,2,141000"
"3920 SHINING STAR DR,SACRAMENTO,95823,CA,3,2,146250"
"5031 CORVAIR ST,NORTH HIGHLANDS,95660,CA,3,2,147308"
"7661 NIXOS WAY,SACRAMENTO,95823,CA,4,2,148750"
"7044 CARTHY WAY,SACRAMENTO,95828,CA,4,2,149593"
"2442 LARKSPUR LN,SACRAMENTO,95825,CA,1,1,150000"
"4800 WESTLAKE PKWY Unit 2109,SACRAMENTO,95835,CA,2,2,152000"
"2178 63RD AVE,SACRAMENTO,95822,CA,3,2,154000"
"8718 ELK WAY,ELK GROVE,95624,CA,3,2,156896"
"5708 RIDGEPOINT DR,ANTELOPE,95843,CA,2,2,161250"
"7315 KOALA CT,NORTH HIGHLANDS,95660,CA,4,2,161500"
"2622 ERIN DR,SACRAMENTO,95833,CA,4,1,164000"
"8421 SUNBLAZE WAY,SACRAMENTO,95823,CA,4,2,165000"
"7420 ALIX PKWY,SACRAMENTO,95823,CA,4,1,166357"
"3820 NATOMA WAY,SACRAMENTO,95838,CA,4,2,166357"
"4431 GREEN TREE DR,SACRAMENTO,95823,CA,3,2,168000"
"9417 SARA ST,ELK GROVE,95624,CA,3,2,170000"
"8299 HALBRITE WAY,SACRAMENTO,95828,CA,4,2,173000"
"7223 KALLIE KAY LN,SACRAMENTO,95823,CA,3,2,174250"
"8156 STEINBECK WAY,SACRAMENTO,95828,CA,4,2,174313"
"7957 VALLEY GREEN DR,SACRAMENTO,95823,CA,3,2,178480"
"1122 WILD POPPY CT,GALT,95632,CA,3,2,178760"
"4520 BOMARK WAY,SACRAMENTO,95842,CA,4,2,179580"
"9012 KIEFER BLVD,SACRAMENTO,95826,CA,3,2,181000"
"5332 SANDSTONE ST,CARMICHAEL,95608,CA,3,1,181872"
"5993 SAWYER CIR,SACRAMENTO,95823,CA,4,3,182587"
"4844 CLYDEBANK WAY,ANTELOPE,95843,CA,3,2,182716"
"306 CAMELLIA WAY,GALT,95632,CA,3,2,182750"
"9021 MADISON AVE,ORANGEVALE,95662,CA,4,2,183200"
"404 6TH ST,GALT,95632,CA,3,1,188741"
"8317 SUNNY CREEK WAY,SACRAMENTO,95823,CA,3,2,189000"
"2617 BASS CT,SACRAMENTO,95826,CA,3,2,192067"
"7005 TIANT WAY,ELK GROVE,95758,CA,3,2,194000"
"7895 CABER WAY,ANTELOPE,95843,CA,3,2,194818"
"7624 BOGEY CT,SACRAMENTO,95828,CA,4,4,195000"
"6930 HAMPTON COVE WAY,SACRAMENTO,95823,CA,3,2,198000"
"8708 MESA BROOK WAY,ELK GROVE,95624,CA,4,2,199500"
"120 GRANT LN,FOLSOM,95630,CA,3,2,200000"
"5907 ELLERSLEE DR,CARMICHAEL,95608,CA,3,1,200000"
"17 SERASPI CT,SACRAMENTO,95834,CA,0,0,206000"
"170 PENHOW CIR,SACRAMENTO,95834,CA,3,2,208000"
"8345 STAR THISTLE WAY,SACRAMENTO,95823,CA,4,2,212864"
"9080 FRESCA WAY,ELK GROVE,95758,CA,4,2,221000"
"391 NATALINO CIR,SACRAMENTO,95835,CA,2,2,221000"
"8373 BLACKMAN WAY,ELK GROVE,95624,CA,5,3,223058"
"9837 CORTE DORADO CT,ELK GROVE,95624,CA,4,2,227887"
"5037 J PKWY,SACRAMENTO,95823,CA,3,2,231477"
"10245 LOS PALOS DR,RANCHO CORDOVA,95670,CA,3,2,234697"
"6613 NAVION DR,CITRUS HEIGHTS,95621,CA,4,2,235000"
"2887 AZEVEDO DR,SACRAMENTO,95833,CA,4,2,236000"
"9186 KINBRACE CT,SACRAMENTO,95829,CA,4,3,236685"
"4243 MIDDLEBURY WAY,MATHER,95655,CA,3,2,237800"
"1028 FALLON PLACE CT,RIO LINDA,95673,CA,3,2,240122"
"4804 NORIKER DR,ELK GROVE,95757,CA,3,2,242638"
"7713 HARVEST WOODS DR,SACRAMENTO,95828,CA,3,2,244000"
"2866 KARITSA AVE,SACRAMENTO,95833,CA,0,0,244500"
"6913 RICHEVE WAY,SACRAMENTO,95828,CA,3,1,244960"
"8636 TEGEA WAY,ELK GROVE,95624,CA,5,3,245918"
"5448 MAIDSTONE WAY,CITRUS HEIGHTS,95621,CA,3,2,250000"
"18 OLLIE CT,ELK GROVE,95758,CA,4,2,250000"
"4010 ALEX LN,CARMICHAEL,95608,CA,2,2,250134"
"4901 MILLNER WAY,ELK GROVE,95757,CA,3,2,254200"
"4818 BRITTNEY LEE CT,SACRAMENTO,95841,CA,4,2,254200"
"5529 LAGUNA PARK DR,ELK GROVE,95758,CA,5,3,258000"
"230 CANDELA CIR,SACRAMENTO,95835,CA,3,2,260000"
"4900 71ST ST,SACRAMENTO,95820,CA,3,1,260014"
"12209 CONSERVANCY WAY,RANCHO CORDOVA,95742,CA,0,0,263500"
"4236 NATOMAS CENTRAL DR,SACRAMENTO,95834,CA,3,2,265000"
"5615 LUPIN LN,POLLOCK PINES,95726,CA,3,2,265000"
"5625 JAMES WAY,SACRAMENTO,95822,CA,3,1,271742"
"7842 LAHONTAN CT,SACRAMENTO,95829,CA,4,3,273750"
"6850 21ST ST,SACRAMENTO,95822,CA,3,2,275086"
"2900 BLAIR RD,POLLOCK PINES,95726,CA,2,2,280908"
"2064 EXPEDITION WAY,SACRAMENTO,95832,CA,4,3,280987"
"2912 NORCADE CIR,SACRAMENTO,95826,CA,8,4,282400"
"9507 SEA CLIFF WAY,ELK GROVE,95758,CA,4,2,285000"
"8882 AUTUMN GOLD CT,ELK GROVE,95624,CA,4,2,287417"
"5322 WHITE LOTUS WAY,ELK GROVE,95757,CA,3,2,291000"
"1838 CASTRO WAY,SACRAMENTO,95818,CA,2,1,292024"
"10158 CRAWFORD WAY,SACRAMENTO,95827,CA,4,4,297000"
"7731 MASTERS ST,ELK GROVE,95758,CA,5,3,297000"
"4925 PERCHERON DR,ELK GROVE,95757,CA,3,2,298000"
"2010 PROMONTORY POINT LN,GOLD RIVER,95670,CA,2,2,299000"
"4727 SAVOIE WAY,SACRAMENTO,95835,CA,5,3,304037"
"8664 MAGNOLIA HILL WAY,ELK GROVE,95624,CA,4,2,311000"
"9570 HARVEST ROSE WAY,SACRAMENTO,95827,CA,5,3,315537"
"4359 CREGAN CT,RANCHO CORDOVA,95742,CA,5,4,320000"
"5337 DUSTY ROSE WAY,RANCHO CORDOVA,95742,CA,0,0,320000"
"8929 SUTTERS GOLD DR,SACRAMENTO,95826,CA,4,3,328360"
"8025 PEERLESS AVE,ORANGEVALE,95662,CA,2,1,334150"
"4620 WELERA WAY,ELK GROVE,95757,CA,3,3,335750"
"9723 TERRAPIN CT,ELK GROVE,95757,CA,4,3,335750"
"2115 SMOKESTACK WAY,SACRAMENTO,95833,CA,0,0,339500"
"100 REBECCA WAY,FOLSOM,95630,CA,3,2,344250"
"9488 OAK VILLAGE WAY,ELK GROVE,95758,CA,4,2,346210"
"8495 DARTFORD DR,SACRAMENTO,95823,CA,3,3,347029"
"6708 PONTA DO SOL WAY,ELK GROVE,95757,CA,4,2,347650"
"4143 SEA MEADOW WAY,SACRAMENTO,95823,CA,4,3,351300"
"3020 RICHARDSON CIR,EL DORADO HILLS,95762,CA,3,2,352000"
"8082 LINDA ISLE LN,SACRAMENTO,95831,CA,0,0,370000"
"15300 MURIETA SOUTH PKWY,RANCHO MURIETA,95683,CA,4,3,370500"
"11215 SHARRMONT CT,WILTON,95693,CA,3,2,372000"
"7105 DANBERG WAY,ELK GROVE,95757,CA,5,3,375000"
"5579 JERRY LITELL WAY,SACRAMENTO,95835,CA,5,3,381300"
"1050 FOXHALL WAY,SACRAMENTO,95831,CA,4,2,381942"
"7837 ABBINGTON WAY,ANTELOPE,95843,CA,4,2,387731"
"1300 F ST,SACRAMENTO,95814,CA,3,3,391000"
"6801 RAWLEY WAY,ELK GROVE,95757,CA,4,3,394470"
"1693 SHELTER COVE DR,GREENWOOD,95635,CA,3,2,395000"
"9361 WADDELL LN,ELK GROVE,95624,CA,4,3,400186"
"10 SEA FOAM CT,SACRAMENTO,95831,CA,3,3,415000"
"6945 RIO TEJO WAY,ELK GROVE,95757,CA,5,3,425000"
"4186 TULIP PARK WAY,RANCHO CORDOVA,95742,CA,5,3,430000"
"9278 DAIRY CT,ELK GROVE,95624,CA,0,0,445000"
"207 ORANGE BLOSSOM CIR Unit C,FOLSOM,95630,CA,5,3,460000"
"6507 RIO DE ONAR WAY,ELK GROVE,95757,CA,4,3,461000"
"7004 RAWLEY WAY,ELK GROVE,95757,CA,4,3,489332"
"6503 RIO DE ONAR WAY,ELK GROVE,95757,CA,5,4,510000"
"2217 APPALOOSA CT,FOLSOM,95630,CA,4,2,539000"
"868 HILDEBRAND CIR,FOLSOM,95630,CA,0,0,585000"
"6030 PALERMO WAY,EL DORADO HILLS,95762,CA,4,3,600000"
"4070 REDONDO DR,EL DORADO HILLS,95762,CA,4,3,606238"
"4004 CRESTA WAY,SACRAMENTO,95864,CA,3,3,660000"
"315 JUMEL CT,EL DORADO HILLS,95762,CA,6,5,830000"
"6272 LONGFORD DR Unit 1,CITRUS HEIGHTS,95621,CA,2,1,69000"
"3432 Y ST,SACRAMENTO,95817,CA,4,2,70000"
"9512 EMERALD PARK DR Unit 3,ELK GROVE,95624,CA,2,1,71000"
"3132 CLAY ST,SACRAMENTO,95815,CA,2,1,78000"
"5221 38TH AVE,SACRAMENTO,95824,CA,2,1,78400"
"6112 HERMOSA ST,SACRAMENTO,95822,CA,3,1,80000"
"483 ARCADE BLVD,SACRAMENTO,95815,CA,4,2,89000"
"671 SONOMA AVE,SACRAMENTO,95815,CA,3,1,90000"
"5980 79TH ST,SACRAMENTO,95824,CA,2,1,90000"
"7607 ELDER CREEK RD,SACRAMENTO,95824,CA,3,1,92000"
"5028 14TH AVE,SACRAMENTO,95820,CA,2,1,93675"
"14788 NATCHEZ CT,RANCHO MURIETA,95683,CA,0,0,97750"
"1069 ACACIA AVE,SACRAMENTO,95815,CA,2,1,98000"
"5201 LAGUNA OAKS DR Unit 199,ELK GROVE,95758,CA,1,1,98000"
"3847 LAS PASAS WAY,SACRAMENTO,95864,CA,3,1,99000"
"5201 LAGUNA OAKS DR Unit 172,ELK GROVE,95758,CA,1,1,100000"
"1121 CREEKSIDE WAY,GALT,95632,CA,3,1,106716"
"5307 CABRILLO WAY,SACRAMENTO,95820,CA,3,1,111000"
"3725 DON JULIO BLVD,NORTH HIGHLANDS,95660,CA,3,1,111000"
"4803 MCCLOUD DR,SACRAMENTO,95842,CA,2,2,114800"
"10542 SILVERWOOD WAY,RANCHO CORDOVA,95670,CA,3,1,120108"
"6318 39TH AVE,SACRAMENTO,95824,CA,3,1,123225"
"211 MCDANIEL CIR,SACRAMENTO,95838,CA,3,2,123750"
"3800 LYNHURST WAY,NORTH HIGHLANDS,95660,CA,3,1,125000"
"6139 HERMOSA ST,SACRAMENTO,95822,CA,3,2,125000"
"2505 RHINE WAY,ELVERTA,95626,CA,3,2,126000"
"3692 PAYNE WAY,NORTH HIGHLANDS,95660,CA,3,1,129000"
"604 MORRISON AVE,SACRAMENTO,95838,CA,2,1,134000"
"648 SANTA ANA AVE,SACRAMENTO,95838,CA,3,2,135000"
"14 ASHLEY OAKS CT,SACRAMENTO,95815,CA,3,2,135500"
"3174 NORTHVIEW DR,SACRAMENTO,95833,CA,3,1,140000"
"840 TRANQUIL LN,GALT,95632,CA,3,2,140000"
"5333 PRIMROSE DR Unit 19A,FAIR OAKS,95628,CA,2,2,142500"
"1035 MILLET WAY,SACRAMENTO,95834,CA,3,2,143500"
"5201 LAGUNA OAKS DR Unit 126,ELK GROVE,95758,CA,0,0,145000"
"3328 22ND AVE,SACRAMENTO,95820,CA,2,1,145000"
"8001 HARTWICK WAY,SACRAMENTO,95828,CA,4,2,145000"
"7812 HARTWICK WAY,SACRAMENTO,95828,CA,3,2,145000"
"4207 PAINTER WAY,NORTH HIGHLANDS,95660,CA,4,2,146000"
"7458 WINKLEY WAY,SACRAMENTO,95822,CA,3,1,148500"
"8354 SUNRISE WOODS WAY,SACRAMENTO,95828,CA,3,2,149000"
"8116 COTTONMILL CIR,SACRAMENTO,95828,CA,3,2,150000"
"4660 CEDARWOOD WAY,SACRAMENTO,95823,CA,4,2,150000"
"9254 HARROGATE WAY,ELK GROVE,95758,CA,2,2,152000"
"6716 TAREYTON WAY,CITRUS HEIGHTS,95621,CA,3,2,156000"
"2028 ROBERT WAY,SACRAMENTO,95825,CA,2,1,156000"
"9346 AIZENBERG CIR,ELK GROVE,95624,CA,2,2,156000"
"4524 LOCH HAVEN WAY,SACRAMENTO,95842,CA,2,1,157788"
"7140 BLUE SPRINGS WAY,CITRUS HEIGHTS,95621,CA,3,2,161653"
"4631 11TH AVE,SACRAMENTO,95820,CA,2,1,161829"
"3228 BAGGAN CT,ANTELOPE,95843,CA,3,2,165000"
"8515 DARTFORD DR,SACRAMENTO,95823,CA,3,2,168000"
"4500 TIPPWOOD WAY,SACRAMENTO,95842,CA,3,2,169000"
"2460 EL ROCCO WAY,RANCHO CORDOVA,95670,CA,3,2,175000"
"8244 SUNBIRD WAY,SACRAMENTO,95823,CA,3,2,176250"
"5841 VALLEY VALE WAY,SACRAMENTO,95823,CA,3,2,179000"
"7863 CRESTLEIGH CT,ANTELOPE,95843,CA,2,2,180000"
"7129 SPRINGMONT DR,ELK GROVE,95758,CA,3,2,180400"
"8284 RED FOX WAY,ELK GROVE,95758,CA,4,2,182000"
"2219 EL CANTO CIR,RANCHO CORDOVA,95670,CA,4,2,184500"
"8907 GEMWOOD WAY,ELK GROVE,95758,CA,3,2,185000"
"5925 MALEVILLE AVE,CARMICHAEL,95608,CA,4,2,189000"
"7031 CANEVALLEY CIR,CITRUS HEIGHTS,95621,CA,3,2,194000"
"3949 WILDROSE WAY,SACRAMENTO,95826,CA,3,1,195000"
"4437 MITCHUM CT,ANTELOPE,95843,CA,3,2,200000"
"2778 KAWEAH CT,CAMERON PARK,95682,CA,3,1,201000"
"1636 ALLENWOOD CIR,LINCOLN,95648,CA,4,2,202500"
"8151 QUAIL RIDGE CT,SACRAMENTO,95828,CA,3,2,205000"
"4899 WIND CREEK DR,SACRAMENTO,95838,CA,4,2,205000"
"2370 BIG CANYON CREEK RD,PLACERVILLE,95667,CA,3,2,205000"
"6049 HAMBURG WAY,SACRAMENTO,95823,CA,4,3,205000"
"4232 71ST ST,SACRAMENTO,95820,CA,2,1,207000"
"3361 BOW MAR CT,CAMERON PARK,95682,CA,2,2,210000"
"1889 COLD SPRINGS RD,PLACERVILLE,95667,CA,2,1,211500"
"5805 HIMALAYA WAY,CITRUS HEIGHTS,95621,CA,4,2,215000"
"7944 SYLVAN OAK WAY,CITRUS HEIGHTS,95610,CA,3,2,215000"
"3139 SPOONWOOD WAY Unit 1,SACRAMENTO,95833,CA,0,0,215500"
"6217 LEOLA WAY,SACRAMENTO,95824,CA,3,1,222381"
"2340 HURLEY WAY,SACRAMENTO,95825,CA,0,0,225000"
"3035 BRUNNET LN,SACRAMENTO,95833,CA,3,2,225000"
"3025 EL PRADO WAY,SACRAMENTO,95825,CA,4,2,225000"
"9387 GRANITE FALLS CT,ELK GROVE,95624,CA,3,2,225000"
"9257 CALDERA WAY,SACRAMENTO,95826,CA,4,2,228000"
"441 ARLINGDALE CIR,RIO LINDA,95673,CA,4,2,229665"
"2284 LOS ROBLES RD,MEADOW VISTA,95722,CA,3,1,230000"
"8164 CHENIN BLANC LN,FAIR OAKS,95628,CA,2,2,230000"
"4620 CHAMBERLIN CIR,ELK GROVE,95757,CA,3,2,230000"
"5340 BIRK WAY,SACRAMENTO,95835,CA,3,2,234000"
"51 ANJOU CIR,SACRAMENTO,95835,CA,3,2,235000"
"2125 22ND AVE,SACRAMENTO,95822,CA,3,1,236250"
"611 BLOSSOM ROCK LN,FOLSOM,95630,CA,0,0,240000"
"8830 ADUR RD,ELK GROVE,95624,CA,0,0,242000"
"7344 BUTTERBALL WAY,SACRAMENTO,95842,CA,3,2,245000"
"8219 GWINHURST CIR,SACRAMENTO,95828,CA,4,3,245000"
"3240 S ST,SACRAMENTO,95816,CA,2,1,245000"
"221 PICASSO CIR,SACRAMENTO,95835,CA,0,0,250000"
"5706 GREENACRES WAY,ORANGEVALE,95662,CA,3,2,250000"
"6900 LONICERA DR,ORANGEVALE,95662,CA,4,2,250000"
"419 DAWNRIDGE RD,ROSEVILLE,95678,CA,3,2,250000"
"5312 MARBURY WAY,ANTELOPE,95843,CA,3,2,255000"
"6344 BONHAM CIR,CITRUS HEIGHTS,95610,CA,5,4,256054"
"8207 YORKTON WAY,SACRAMENTO,95829,CA,3,2,257729"
"7922 MANSELL WAY,ELK GROVE,95758,CA,4,2,260000"
"5712 MELBURY CIR,ANTELOPE,95843,CA,3,2,261000"
"632 NEWBRIDGE LN,LINCOLN,95648,CA,4,2,261800"
"1570 GLIDDEN AVE,SACRAMENTO,95822,CA,4,2,264469"
"8108 FILIFERA WAY,ANTELOPE,95843,CA,4,3,265000"
"230 BANKSIDE WAY,SACRAMENTO,95835,CA,0,0,270000"
"5342 CALABRIA WAY,SACRAMENTO,95835,CA,4,3,270000"
"47 NAPONEE CT,SACRAMENTO,95835,CA,3,2,270000"
"4236 ADRIATIC SEA WAY,SACRAMENTO,95834,CA,0,0,270000"
"8864 REMBRANT CT,ELK GROVE,95624,CA,4,3,275000"
"9455 SEA CLIFF WAY,ELK GROVE,95758,CA,4,2,275000"
"9720 LITTLE HARBOR WAY,ELK GROVE,95624,CA,4,3,280000"
"8806 PHOENIX AVE,FAIR OAKS,95628,CA,3,2,286013"
"3578 LOGGERHEAD WAY,SACRAMENTO,95834,CA,4,2,292000"
"1416 LOCKHART WAY,ROSEVILLE,95747,CA,3,2,292000"
"5413 BUENA VENTURA WAY,FAIR OAKS,95628,CA,3,2,293993"
"37 WHITE BIRCH CT,ROSEVILLE,95678,CA,3,2,294000"
"405 MARLIN SPIKE WAY,SACRAMENTO,95838,CA,3,2,296769"
"1102 CHESLEY LN,LINCOLN,95648,CA,4,4,297500"
"11281 STANFORD COURT LN Unit 604,GOLD RIVER,95670,CA,0,0,300000"
"7320 6TH ST,RIO LINDA,95673,CA,3,1,300000"
"993 MANTON CT,GALT,95632,CA,4,3,300000"
"4487 PANORAMA DR,PLACERVILLE,95667,CA,3,2,300000"
"5651 OVERLEAF WAY,SACRAMENTO,95835,CA,4,2,300500"
"2015 PROMONTORY POINT LN,GOLD RIVER,95670,CA,3,2,305000"
"3224 PARKHAM DR,ROSEVILLE,95747,CA,0,0,306500"
"15 VANESSA PL,SACRAMENTO,95835,CA,0,0,312500"
"1312 RENISON LN,LINCOLN,95648,CA,5,3,315000"
"8 RIVER RAFT CT,SACRAMENTO,95823,CA,4,2,319789"
"2251 LAMPLIGHT LN,LINCOLN,95648,CA,2,2,330000"
"106 FARHAM DR,FOLSOM,95630,CA,3,2,330000"
"5405 NECTAR CIR,ELK GROVE,95757,CA,3,2,331000"
"5411 10TH AVE,SACRAMENTO,95820,CA,2,1,334000"
"3512 RAINSONG CIR,RANCHO CORDOVA,95670,CA,4,3,336000"
"1106 55TH ST,SACRAMENTO,95819,CA,3,1,339000"
"411 ILLSLEY WAY,FOLSOM,95630,CA,4,2,339000"
"796 BUTTERCUP CIR,GALT,95632,CA,4,2,345000"
"1230 SANDRA CIR,PLACERVILLE,95667,CA,4,3,350000"
"318 ANACAPA DR,ROSEVILLE,95678,CA,3,2,356000"
"3975 SHINING STAR DR,SACRAMENTO,95823,CA,4,2,361745"
"1620 BASLER ST,SACRAMENTO,95811,CA,4,2,361948"
"9688 NATURE TRAIL WAY,ELK GROVE,95757,CA,5,3,370000"
"5924 TANUS CIR,ROCKLIN,95677,CA,4,2,380000"
"9629 CEDAR OAK WAY,ELK GROVE,95757,CA,5,4,385000"
"3429 FERNBROOK CT,CAMERON PARK,95682,CA,3,2,399000"
"2121 HANNAH WAY,ROCKLIN,95765,CA,4,2,402000"
"10104 ANNIE ST,ELK GROVE,95757,CA,4,3,406026"
"1092 MAUGHAM CT,GALT,95632,CA,5,4,420000"
"5404 ALMOND FALLS WAY,RANCHO CORDOVA,95742,CA,0,0,425000"
"6306 CONEJO,RANCHO MURIETA,95683,CA,4,2,425000"
"14 CASA VATONI PL,SACRAMENTO,95834,CA,0,0,433500"
"1456 EAGLESFIELD LN,LINCOLN,95648,CA,4,3,436746"
"4100 BOTHWELL CIR,EL DORADO HILLS,95762,CA,5,3,438700"
"427 21ST ST,SACRAMENTO,95811,CA,2,1,445000"
"1044 GALSTON DR,FOLSOM,95630,CA,4,2,450000"
"4440 SYCAMORE AVE,SACRAMENTO,95841,CA,3,1,460000"
"1032 SOUZA DR,EL DORADO HILLS,95762,CA,3,2,460000"
"9760 LAZULITE CT,ELK GROVE,95624,CA,4,3,460000"
"241 LANFRANCO CIR,SACRAMENTO,95835,CA,4,4,465000"
"5559 NORTHBOROUGH DR,SACRAMENTO,95835,CA,5,3,471750"
"2125 BIG SKY DR,ROCKLIN,95765,CA,5,3,480000"
"2109 HAMLET PL,CARMICHAEL,95608,CA,2,2,484000"
"9970 STATE HIGHWAY 193,PLACERVILLE,95667,CA,4,3,485000"
"2901 PINTAIL WAY,ELK GROVE,95757,CA,4,3,495000"
"201 FIRESTONE DR,ROSEVILLE,95678,CA,0,0,500500"
"1740 HIGH ST,AUBURN,95603,CA,3,3,504000"
"2733 DANA LOOP,EL DORADO HILLS,95762,CA,0,0,541000"
"9741 SADDLEBRED CT,WILTON,95693,CA,0,0,560000"
"7756 TIGERWOODS DR,SACRAMENTO,95829,CA,5,3,572500"
"5709 RIVER OAK WAY,CARMICHAEL,95608,CA,4,2,582000"
"2981 WRINGER DR,ROSEVILLE,95661,CA,4,3,613401"
"8616 ROCKPORTE CT,ROSEVILLE,95747,CA,4,2,614000"
"4128 HILL ST,FAIR OAKS,95628,CA,5,5,680000"
"1409 47TH ST,SACRAMENTO,95819,CA,5,2,699000"
"3935 EL MONTE DR,LOOMIS,95650,CA,4,4,839000"
"5840 WALERGA RD,SACRAMENTO,95842,CA,2,1,40000"
"923 FULTON AVE,SACRAMENTO,95825,CA,1,1,48000"
"261 REDONDO AVE,SACRAMENTO,95815,CA,3,1,61500"
"4030 BROADWAY,SACRAMENTO,95817,CA,2,1,62050"
"3660 22ND AVE,SACRAMENTO,95820,CA,2,1,65000"
"3924 HIGH ST,SACRAMENTO,95838,CA,2,1,65000"
"4734 14TH AVE,SACRAMENTO,95820,CA,2,1,68000"
"4734 14TH AVE,SACRAMENTO,95820,CA,2,1,68000"
"5050 RHODE ISLAND DR Unit 4,SACRAMENTO,95841,CA,2,1,77000"
"4513 GREENHOLME DR,SACRAMENTO,95842,CA,2,1,82732"
"3845 ELM ST,SACRAMENTO,95838,CA,3,1,84000"
"3908 17TH AVE,SACRAMENTO,95820,CA,2,1,84675"
"7109 CHANDLER DR,SACRAMENTO,95828,CA,3,1,85000"
"7541 SKELTON WAY,SACRAMENTO,95822,CA,3,1,90000"
"9058 MONTOYA ST,SACRAMENTO,95826,CA,2,1,90000"
"1016 CONGRESS AVE,SACRAMENTO,95838,CA,2,2,91000"
"540 MORRISON AVE,SACRAMENTO,95838,CA,3,1,95000"
"5303 JERRETT WAY,SACRAMENTO,95842,CA,2,1,97500"
"2820 DEL PASO BLVD,SACRAMENTO,95815,CA,4,2,100000"
"3715 TALLYHO DR Unit 78HIGH,SACRAMENTO,95826,CA,1,1,100000"
"6013 ROWAN WAY,CITRUS HEIGHTS,95621,CA,2,1,101000"
"2987 PONDEROSA LN,SACRAMENTO,95815,CA,4,2,102750"
"3732 LANKERSHIM WAY,NORTH HIGHLANDS,95660,CA,3,1,112500"
"2216 DUNLAP DR,SACRAMENTO,95821,CA,3,1,113000"
"3503 21ST AVE,SACRAMENTO,95820,CA,4,2,114000"
"523 EXCHANGE ST,SACRAMENTO,95838,CA,3,1,114000"
"8101 PORT ROYALE WAY,SACRAMENTO,95823,CA,2,1,114750"
"8020 WALERGA RD,ANTELOPE,95843,CA,2,2,115000"
"167 VALLEY OAK DR,ROSEVILLE,95678,CA,2,2,115000"
"7876 BURLINGTON WAY,SACRAMENTO,95832,CA,3,1,116100"
"3726 JONKO AVE,NORTH HIGHLANDS,95660,CA,3,2,119250"
"7342 GIGI PL,SACRAMENTO,95828,CA,4,4,120000"
"2610 PHYLLIS AVE,SACRAMENTO,95820,CA,2,1,120000"
"4200 COMMERCE WAY Unit 711,SACRAMENTO,95834,CA,2,2,120000"
"4621 COUNTRY SCENE WAY,SACRAMENTO,95823,CA,3,2,120108"
"5380 VILLAGE WOOD DR,SACRAMENTO,95823,CA,2,2,121500"
"2621 EVERGREEN ST,SACRAMENTO,95815,CA,3,1,121725"
"201 CARLO CT,GALT,95632,CA,3,2,122000"
"6743 21ST ST,SACRAMENTO,95822,CA,3,2,123000"
"3128 VIA GRANDE,SACRAMENTO,95825,CA,2,1,125000"
"2847 BELGRADE WAY,SACRAMENTO,95833,CA,4,2,125573"
"7741 MILLDALE CIR,ELVERTA,95626,CA,4,2,126714"
"9013 CASALS ST,SACRAMENTO,95826,CA,2,1,126960"
"227 MAHAN CT Unit 1,ROSEVILLE,95678,CA,2,1,127000"
"7349 FLETCHER FARM DR,SACRAMENTO,95828,CA,4,2,127500"
"7226 LARCHMONT DR,NORTH HIGHLANDS,95660,CA,3,2,130000"
"4114 35TH AVE,SACRAMENTO,95824,CA,2,1,133105"
"617 M ST,RIO LINDA,95673,CA,2,2,136500"
"7032 FAIR OAKS BLVD,CARMICHAEL,95608,CA,3,2,139500"
"2421 SANTINA WAY,ELVERTA,95626,CA,3,2,140000"
"2368 CRAIG AVE,SACRAMENTO,95832,CA,3,2,140800"
"2123 AMANDA WAY,SACRAMENTO,95822,CA,3,2,145000"
"7620 DARLA WAY,SACRAMENTO,95828,CA,4,2,147000"
"8344 FIELDPOPPY CIR,SACRAMENTO,95828,CA,3,2,149600"
"3624 20TH AVE,SACRAMENTO,95820,CA,5,2,150000"
"10001 WOODCREEK OAKS BLVD Unit 1415,ROSEVILLE,95747,CA,2,2,150000"
"2848 PROVO WAY,SACRAMENTO,95822,CA,3,2,150000"
"6045 EHRHARDT AVE,SACRAMENTO,95823,CA,3,2,155000"
"1223 LAMBERTON CIR,SACRAMENTO,95838,CA,3,2,155435"
"1223 LAMBERTON CIR,SACRAMENTO,95838,CA,3,2,155500"
"6000 BIRCHGLADE WAY,CITRUS HEIGHTS,95621,CA,4,2,158000"
"7204 THOMAS DR,NORTH HIGHLANDS,95660,CA,3,2,158000"
"8363 LANGTREE WAY,SACRAMENTO,95823,CA,3,2,160000"
"1675 VERNON ST Unit 8,ROSEVILLE,95678,CA,2,1,160000"
"6632 IBEX WOODS CT,CITRUS HEIGHTS,95621,CA,2,2,164000"
"117 EVCAR WAY,RIO LINDA,95673,CA,3,2,164000"
"6485 LAGUNA MIRAGE LN,ELK GROVE,95758,CA,2,2,165000"
"746 MOOSE CREEK WAY,GALT,95632,CA,3,2,167000"
"8306 CURLEW CT,CITRUS HEIGHTS,95621,CA,4,2,167293"
"8306 CURLEW CT,CITRUS HEIGHTS,95621,CA,4,2,167293"
"5217 ARGO WAY,SACRAMENTO,95820,CA,3,1,168000"
"7108 HEATHER TREE DR,SACRAMENTO,95842,CA,3,2,170000"
"2956 DAVENPORT WAY,SACRAMENTO,95833,CA,4,2,170000"
"10062 LINCOLN VILLAGE DR,SACRAMENTO,95827,CA,3,2,170000"
"332 PALIN AVE,GALT,95632,CA,3,2,174000"
"4649 FREEWAY CIR,SACRAMENTO,95841,CA,3,2,178000"
"8593 DERLIN WAY,SACRAMENTO,95823,CA,3,2,180000"
"9273 PREMIER WAY,SACRAMENTO,95826,CA,3,2,180000"
"8032 DUSENBERG CT,SACRAMENTO,95828,CA,4,2,180000"
"7110 STELLA LN Unit 15,CARMICHAEL,95608,CA,2,2,182000"
"1786 PIEDMONT WAY,ROSEVILLE,95661,CA,3,1,188325"
"1347 HIDALGO CIR,ROSEVILLE,95747,CA,3,2,191500"
"212 CAPPUCINO WAY,SACRAMENTO,95838,CA,3,2,192000"
"5938 WOODBRIAR WAY,CITRUS HEIGHTS,95621,CA,3,2,192700"
"3801 WILDROSE WAY,SACRAMENTO,95826,CA,3,1,195000"
"508 SAMUEL WAY,SACRAMENTO,95838,CA,3,2,197654"
"6128 CARL SANDBURG CIR,SACRAMENTO,95842,CA,3,1,198000"
"1 KENNELFORD CIR,SACRAMENTO,95823,CA,3,2,200345"
"909 SINGINGWOOD RD,SACRAMENTO,95864,CA,2,1,203000"
"6671 FOXWOOD CT,SACRAMENTO,95841,CA,4,2,207000"
"8165 AYN RAND CT,SACRAMENTO,95828,CA,4,3,208000"
"9474 VILLAGE TREE DR,ELK GROVE,95758,CA,4,2,210000"
"7213 CALVIN DR,CITRUS HEIGHTS,95621,CA,3,1,212000"
"8167 DERBY PARK CT,SACRAMENTO,95828,CA,4,2,213675"
"6344 LAGUNA MIRAGE LN,ELK GROVE,95758,CA,2,2,213697"
"2945 RED HAWK WAY,SACRAMENTO,95833,CA,4,2,215000"
"3228 I ST,SACRAMENTO,95816,CA,4,3,215000"
"308 ATKINSON ST,ROSEVILLE,95678,CA,3,1,215100"
"624 HOVEY WAY,ROSEVILLE,95678,CA,3,2,217500"
"110 COPPER LEAF WAY,SACRAMENTO,95838,CA,3,2,218000"
"7535 ALMA VISTA WAY,SACRAMENTO,95831,CA,2,1,220000"
"7423 WILSALL CT,ELK GROVE,95758,CA,4,3,221000"
"8629 VIA ALTA WAY,ELK GROVE,95624,CA,3,2,222900"
"3318 DAVIDSON DR,ANTELOPE,95843,CA,3,1,223139"
"913 COBDEN CT,GALT,95632,CA,4,2,225500"
"4419 79TH ST,SACRAMENTO,95820,CA,3,2,228327"
"3012 SPOONWOOD WAY,SACRAMENTO,95833,CA,4,2,230000"
"8728 CRYSTAL RIVER WAY,SACRAMENTO,95828,CA,3,2,230000"
"4709 AMBER LN Unit 1,SACRAMENTO,95841,CA,2,1,230522"
"4508 OLD DAIRY DR,ANTELOPE,95843,CA,4,3,231200"
"312 RIVER ISLE WAY,SACRAMENTO,95831,CA,3,2,232000"
"301 OLIVADI WAY,SACRAMENTO,95834,CA,2,2,232500"
"5636 25TH ST,SACRAMENTO,95822,CA,3,1,233641"
"8721 SPRUCE RIDGE WAY,ANTELOPE,95843,CA,3,2,234000"
"7461 WINDBRIDGE DR,SACRAMENTO,95831,CA,2,2,234500"
"8101 LEMON COVE CT,SACRAMENTO,95828,CA,4,3,235000"
"10949 SCOTSMAN WAY,RANCHO CORDOVA,95670,CA,5,4,236000"
"617 WILLOW CREEK DR,FOLSOM,95630,CA,3,2,236073"
"3301 PARK DR Unit 1914,SACRAMENTO,95835,CA,3,2,238000"
"709 CIMMARON CT,GALT,95632,CA,4,2,238861"
"3305 RIO ROCA CT,ANTELOPE,95843,CA,4,3,239700"
"9080 BEDROCK CT,SACRAMENTO,95829,CA,4,2,240000"
"100 TOURMALINE CIR,SACRAMENTO,95834,CA,5,3,240000"
"6411 RED BIRCH WAY,ELK GROVE,95758,CA,4,2,241000"
"4867 LAGUNA DR,SACRAMENTO,95823,CA,3,2,245000"
"3662 RIVER DR,SACRAMENTO,95833,CA,4,3,246000"
"6943 WOLFGRAM WAY,SACRAMENTO,95828,CA,4,2,247234"
"77 RINETTI WAY,RIO LINDA,95673,CA,4,2,247480"
"1316 I ST,RIO LINDA,95673,CA,3,1,249862"
"2130 CATHERWOOD WAY,SACRAMENTO,95835,CA,3,2,251000"
"8304 JUGLANS DR,ORANGEVALE,95662,CA,4,2,252155"
"5308 MARBURY WAY,ANTELOPE,95843,CA,3,2,254172"
"9182 LAKEMONT DR,ELK GROVE,95624,CA,4,2,258000"
"2231 COUNTRY VILLA CT,AUBURN,95603,CA,2,2,260000"
"8491 CRYSTAL WALK CIR,ELK GROVE,95758,CA,0,0,261000"
"361 MAHONIA CIR,SACRAMENTO,95835,CA,4,3,261000"
"3427 LA CADENA WAY,SACRAMENTO,95835,CA,4,2,261000"
"955 BIG SUR CT,EL DORADO HILLS,95762,CA,4,2,262500"
"11826 DIONYSUS WAY,RANCHO CORDOVA,95742,CA,4,2,266000"
"5847 DEL CAMPO LN,CARMICHAEL,95608,CA,3,1,266000"
"5635 FOXVIEW WAY,ELK GROVE,95757,CA,3,2,270000"
"10372 VIA CINTA CT,ELK GROVE,95757,CA,4,3,274425"
"6286 LONETREE BLVD,ROCKLIN,95765,CA,0,0,274500"
"7744 SOUTHBREEZE DR,SACRAMENTO,95828,CA,3,2,275336"
"2242 ABLE WAY,SACRAMENTO,95835,CA,4,3,277980"
"1042 STARBROOK DR,GALT,95632,CA,4,2,280000"
"1219 G ST,SACRAMENTO,95814,CA,3,3,284686"
"6220 OPUS CT,CITRUS HEIGHTS,95621,CA,3,2,284893"
"5419 HAVENHURST CIR,ROCKLIN,95677,CA,3,2,285000"
"220 OLD AIRPORT RD,AUBURN,95603,CA,2,2,285000"
"4622 MEYER WAY,CARMICHAEL,95608,CA,4,2,285000"
"4885 SUMMIT VIEW DR,EL DORADO,95623,CA,3,2,289000"
"26 JEANROSS CT,SACRAMENTO,95832,CA,5,3,295000"
"4800 MAPLEPLAIN AVE,ELK GROVE,95758,CA,4,2,296000"
"10629 BASIE WAY,RANCHO CORDOVA,95670,CA,4,2,296056"
"8612 WILLOW GROVE WAY,SACRAMENTO,95828,CA,3,2,297359"
"62 DE FER CIR,SACRAMENTO,95823,CA,4,2,299940"
"2513 OLD KENMARE RD,LINCOLN,95648,CA,5,3,304000"
"3253 ABOTO WAY,RANCHO CORDOVA,95670,CA,4,3,305000"
"3072 VILLAGE PLAZA DR,ROSEVILLE,95747,CA,0,0,307000"
"251 CHANGO CIR,SACRAMENTO,95835,CA,4,2,311328"
"8205 WEYBURN CT,SACRAMENTO,95828,CA,3,2,313138"
"8788 LA MARGARITA WAY,SACRAMENTO,95828,CA,3,2,316630"
"5912 DEEPDALE WAY,ELK GROVE,95758,CA,5,3,320000"
"4712 PISMO BEACH DR,ANTELOPE,95843,CA,5,3,320000"
"4741 PACIFIC PARK DR,ANTELOPE,95843,CA,5,3,325000"
"310 GROTH CIR,SACRAMENTO,95834,CA,4,2,328578"
"6121 WILD FOX CT,ELK GROVE,95757,CA,3,3,331000"
"12241 CANYONLANDS DR,RANCHO CORDOVA,95742,CA,0,0,331500"
"29 COOL FOUNTAIN CT,SACRAMENTO,95833,CA,4,2,340000"
"907 RIO ROBLES AVE,SACRAMENTO,95838,CA,0,0,344755"
"8909 BILLFISH WAY,SACRAMENTO,95828,CA,3,2,345746"
"6232 GUS WAY,ELK GROVE,95757,CA,4,2,351000"
"200 OAKWILDE ST,GALT,95632,CA,4,2,353767"
"1033 PARK STREAM DR,GALT,95632,CA,0,0,355000"
"200 ALLAIRE CIR,SACRAMENTO,95835,CA,4,2,356035"
"1322 SUTTER WALK,SACRAMENTO,95816,CA,0,0,360000"
"5479 NICKMAN WAY,SACRAMENTO,95835,CA,4,2,360552"
"2103 BURBERRY WAY,SACRAMENTO,95835,CA,3,2,362305"
"2450 SAN JOSE WAY,SACRAMENTO,95817,CA,3,1,365000"
"7641 ROSEHALL DR,ROSEVILLE,95678,CA,3,2,367554"
"1336 LAYSAN TEAL DR,ROSEVILLE,95747,CA,0,0,368500"
"2802 BLACK OAK DR,ROCKLIN,95765,CA,2,2,370000"
"2113 FALL TRAIL CT,PLACERVILLE,95667,CA,4,2,371086"
"10112 LAMBEAU CT,ELK GROVE,95757,CA,3,2,378000"
"6313 CASTRO VERDE WAY,ELK GROVE,95757,CA,0,0,383000"
"3622 CURTIS DR,SACRAMENTO,95818,CA,3,1,388000"
"11817 OPAL RIDGE WAY,RANCHO CORDOVA,95742,CA,5,3,395100"
"170 LAGOMARSINO WAY,SACRAMENTO,95819,CA,3,2,400000"
"2743 DEAKIN PL,EL DORADO HILLS,95762,CA,3,2,400000"
"3361 ALDER CANYON WAY,ANTELOPE,95843,CA,4,3,408431"
"2148 RANCH VIEW DR,ROCKLIN,95765,CA,0,0,413000"
"398 LINDLEY DR,SACRAMENTO,95815,CA,4,2,416767"
"3013 BRIDLEWOOD DR,EL DORADO HILLS,95762,CA,4,3,420000"
"169 BAURER CIR,FOLSOM,95630,CA,4,3,423000"
"2809 LOON CT,CAMERON PARK,95682,CA,4,2,423000"
"1315 KONDOS AVE,SACRAMENTO,95814,CA,2,3,427500"
"4966 CHARTER RD,ROCKLIN,95765,CA,3,2,430922"
"9516 LAGUNA LAKE WAY,ELK GROVE,95758,CA,4,2,445000"
"5201 BLOSSOM RANCH DR,ELK GROVE,95757,CA,4,4,450000"
"3027 PALMATE WAY,SACRAMENTO,95834,CA,5,3,452000"
"500 WINCHESTER CT,ROSEVILLE,95661,CA,3,2,470000"
"5746 GELSTON WAY,EL DORADO HILLS,95762,CA,4,3,471000"
"6935 ELM TREE LN,ORANGEVALE,95662,CA,4,4,475000"
"9605 GOLF COURSE LN,ELK GROVE,95758,CA,3,3,484500"
"719 BAYWOOD CT,EL DORADO HILLS,95762,CA,5,3,487500"
"5954 TANUS CIR,ROCKLIN,95677,CA,3,3,488750"
"100 CHELSEA CT,FOLSOM,95630,CA,3,2,500000"
"1500 ORANGE HILL LN,PENRYN,95663,CA,3,2,506688"
"408 KIRKWOOD CT,LINCOLN,95648,CA,2,2,512000"
"1732 TUSCAN GROVE CIR,ROSEVILLE,95747,CA,5,3,520000"
"2049 EMPIRE MINE CIR,GOLD RIVER,95670,CA,4,2,528000"
"9360 MAGOS RD,WILTON,95693,CA,5,2,579093"
"104 CATLIN CT,FOLSOM,95630,CA,4,3,636000"
"4734 GIBBONS DR,CARMICHAEL,95608,CA,4,3,668365"
"4629 DORCHESTER LN,GRANITE BAY,95746,CA,5,3,676200"
"2400 COUNTRYSIDE DR,PLACERVILLE,95667,CA,3,2,677048"
"12901 FURLONG DR,WILTON,95693,CA,5,3,691659"
"6222 CALLE MONTALVO CIR,GRANITE BAY,95746,CA,5,3,760000"
"20 CRYSTALWOOD CIR,LINCOLN,95648,CA,0,0,4897"
"24 CRYSTALWOOD CIR,LINCOLN,95648,CA,0,0,4897"
"28 CRYSTALWOOD CIR,LINCOLN,95648,CA,0,0,4897"
"32 CRYSTALWOOD CIR,LINCOLN,95648,CA,0,0,4897"
"36 CRYSTALWOOD CIR,LINCOLN,95648,CA,0,0,4897"
"40 CRYSTALWOOD CIR,LINCOLN,95648,CA,0,0,4897"
"44 CRYSTALWOOD CIR,LINCOLN,95648,CA,0,0,4897"
"48 CRYSTALWOOD CIR,LINCOLN,95648,CA,0,0,4897"
"52 CRYSTALWOOD CIR,LINCOLN,95648,CA,0,0,4897"
"68 CRYSTALWOOD CIR,LINCOLN,95648,CA,0,0,4897"
"72 CRYSTALWOOD CIR,LINCOLN,95648,CA,0,0,4897"
"76 CRYSTALWOOD CIR,LINCOLN,95648,CA,0,0,4897"
"80 CRYSTALWOOD CIR,LINCOLN,95648,CA,0,0,4897"
"84 CRYSTALWOOD CIR,LINCOLN,95648,CA,0,0,4897"
"88 CRYSTALWOOD CIR,LINCOLN,95648,CA,0,0,4897"
"92 CRYSTALWOOD CIR,LINCOLN,95648,CA,0,0,4897"
"96 CRYSTALWOOD CIR,LINCOLN,95648,CA,0,0,4897"
"100 CRYSTALWOOD CIR,LINCOLN,95648,CA,0,0,4897"
"434 1ST ST,LINCOLN,95648,CA,0,0,4897"
"3 E ST,LINCOLN,95648,CA,0,0,4897"
"11 E ST,LINCOLN,95648,CA,0,0,4897"
"19 E ST,LINCOLN,95648,CA,0,0,4897"
"27 E ST,LINCOLN,95648,CA,0,0,4897"
"35 E ST,LINCOLN,95648,CA,0,0,4897"
"43 E ST,LINCOLN,95648,CA,0,0,4897"
"51 E ST,LINCOLN,95648,CA,4,2,4897"
"59 E ST,LINCOLN,95648,CA,3,2,4897"
"75 E ST,LINCOLN,95648,CA,3,2,4897"
"63 CRYSTALWOOD CIR,LINCOLN,95648,CA,0,0,4897"
"398 1ST ST,LINCOLN,95648,CA,0,0,4897"
"386 1ST ST,LINCOLN,95648,CA,0,0,4897"
"374 1ST ST,LINCOLN,95648,CA,0,0,4897"
"116 CRYSTALWOOD WAY,LINCOLN,95648,CA,0,0,4897"
"108 CRYSTALWOOD WAY,LINCOLN,95648,CA,0,0,4897"
"100 CRYSTALWOOD WAY,LINCOLN,95648,CA,0,0,4897"
"55 CRYSTALWOOD CIR,LINCOLN,95648,CA,0,0,4897"
"51 CRYSTALWOOD CIR,LINCOLN,95648,CA,0,0,4897"
"47 CRYSTALWOOD CIR,LINCOLN,95648,CA,0,0,4897"
"43 CRYSTALWOOD CIR,LINCOLN,95648,CA,0,0,4897"
"39 CRYSTALWOOD CIR,LINCOLN,95648,CA,0,0,4897"
"35 CRYSTALWOOD CIR,LINCOLN,95648,CA,0,0,4897"
"31 CRYSTALWOOD CIR,LINCOLN,95648,CA,0,0,4897"
"27 CRYSTALWOOD CIR,LINCOLN,95648,CA,0,0,4897"
"23 CRYSTALWOOD CIR,LINCOLN,95648,CA,0,0,4897"
"19 CRYSTALWOOD CIR,LINCOLN,95648,CA,0,0,4897"
"15 CRYSTALWOOD CIR,LINCOLN,95648,CA,0,0,4897"
"7 CRYSTALWOOD CIR,LINCOLN,95648,CA,0,0,4897"
"7 CRYSTALWOOD CIR,LINCOLN,95648,CA,0,0,4897"
"3 CRYSTALWOOD CIR,LINCOLN,95648,CA,0,0,4897"
"8208 WOODYARD WAY,CITRUS HEIGHTS,95621,CA,3,2,30000"
"113 RINETTI WAY,RIO LINDA,95673,CA,0,0,30000"
"15 LOORZ CT,SACRAMENTO,95823,CA,2,1,55422"
"5805 DOTMAR WAY,NORTH HIGHLANDS,95660,CA,2,1,63000"
"2332 CAMBRIDGE ST,SACRAMENTO,95815,CA,2,1,65000"
"3812 BELDEN ST,SACRAMENTO,95838,CA,2,1,65000"
"3348 40TH ST,SACRAMENTO,95817,CA,2,1,65000"
"127 QUASAR CIR,SACRAMENTO,95822,CA,2,2,66500"
"3812 CYPRESS ST,SACRAMENTO,95838,CA,2,1,71000"
"5821 64TH ST,SACRAMENTO,95824,CA,2,1,75000"
"8248 CENTER PKWY,SACRAMENTO,95823,CA,2,1,77000"
"1171 SONOMA AVE,SACRAMENTO,95815,CA,2,1,85000"
"4250 ARDWELL WAY,SACRAMENTO,95823,CA,3,2,95625"
"3104 CLAY ST,SACRAMENTO,95815,CA,2,1,96140"
"6063 LAND PARK DR,SACRAMENTO,95822,CA,2,1,104250"
"4738 OAKHOLLOW DR,SACRAMENTO,95842,CA,4,2,105000"
"1401 STERLING ST,SACRAMENTO,95822,CA,2,1,108000"
"3715 DIDCOT CIR,SACRAMENTO,95838,CA,4,2,109000"
"2426 RASHAWN DR,RANCHO CORDOVA,95670,CA,2,1,115000"
"4800 WESTLAKE PKWY Unit 410,SACRAMENTO,95835,CA,1,1,115000"
"3409 VIRGO ST,SACRAMENTO,95827,CA,3,2,115500"
"1110 PINEDALE AVE,SACRAMENTO,95838,CA,3,2,115620"
"2361 LA LOMA DR,RANCHO CORDOVA,95670,CA,3,2,116000"
"1455 64TH AVE,SACRAMENTO,95822,CA,3,2,122000"
"7328 SPRINGMAN ST,SACRAMENTO,95822,CA,3,2,122500"
"119 SAINT MARIE CIR,SACRAMENTO,95823,CA,4,2,123000"
"12 COSTA BRASE CT,SACRAMENTO,95838,CA,3,2,124000"
"6813 SCOTER WAY,SACRAMENTO,95842,CA,4,2,124000"
"6548 GRAYLOCK LN,NORTH HIGHLANDS,95660,CA,3,2,124413"
"1630 GLIDDEN AVE,SACRAMENTO,95822,CA,4,2,125000"
"7825 DALEWOODS WAY,SACRAMENTO,95828,CA,3,2,130000"
"4073 TRESLER AVE,NORTH HIGHLANDS,95660,CA,2,2,131750"
"4288 DYMIC WAY,SACRAMENTO,95838,CA,4,3,137721"
"1158 SAN IGNACIO WAY,SACRAMENTO,95833,CA,3,2,137760"
"4904 J PKWY,SACRAMENTO,95823,CA,3,2,138000"
"2931 HOWE AVE,SACRAMENTO,95821,CA,3,1,140000"
"5531 JANSEN DR,SACRAMENTO,95824,CA,3,1,145000"
"7836 ORCHARD WOODS CIR,SACRAMENTO,95828,CA,2,2,145000"
"4055 DEERBROOK DR,SACRAMENTO,95823,CA,3,2,150000"
"9937 BURLINE ST,SACRAMENTO,95827,CA,3,2,150000"
"6948 MIRADOR WAY,SACRAMENTO,95828,CA,4,2,151000"
"4909 RUGER CT,SACRAMENTO,95842,CA,3,2,155000"
"7204 KERSTEN ST,CITRUS HEIGHTS,95621,CA,3,2,155800"
"3150 ROSEMONT DR,SACRAMENTO,95826,CA,3,2,156142"
"8200 STEINBECK WAY,SACRAMENTO,95828,CA,4,2,158000"
"8198 STEVENSON AVE,SACRAMENTO,95828,CA,6,4,159900"
"6824 OLIVE TREE WAY,CITRUS HEIGHTS,95610,CA,3,2,160000"
"3536 SUN MAIDEN WAY,ANTELOPE,95843,CA,3,2,161500"
"4517 OLYMPIAD WAY,SACRAMENTO,95826,CA,4,2,161600"
"925 COBDEN CT,GALT,95632,CA,3,2,162000"
"8225 SCOTTSDALE DR,SACRAMENTO,95828,CA,4,2,165000"
"8758 LEMAS RD,SACRAMENTO,95828,CA,3,2,165000"
"6121 ALPINESPRING WAY,ELK GROVE,95758,CA,3,2,167293"
"5937 YORK GLEN WAY,SACRAMENTO,95842,CA,5,2,168000"
"6417 SUNNYFIELD WAY,SACRAMENTO,95823,CA,4,2,168000"
"4008 GREY LIVERY WAY,ANTELOPE,95843,CA,3,2,168750"
"8920 ROSETTA CIR,SACRAMENTO,95826,CA,3,1,168750"
"8300 LICHEN DR,CITRUS HEIGHTS,95621,CA,3,1,170000"
"8884 AMBERJACK WAY,SACRAMENTO,95828,CA,3,2,170250"
"4480 VALLEY HI DR,SACRAMENTO,95823,CA,3,2,173000"
"2250 FOREBAY RD,POLLOCK PINES,95726,CA,3,1,175000"
"3529 FABERGE WAY,SACRAMENTO,95826,CA,3,2,176095"
"1792 DAWNELLE WAY,SACRAMENTO,95835,CA,3,2,176250"
"7800 TABARE CT,CITRUS HEIGHTS,95621,CA,3,2,178000"
"8531 HERMITAGE WAY,SACRAMENTO,95823,CA,4,2,179000"
"2421 BERRYWOOD DR,RANCHO CORDOVA,95670,CA,3,2,180000"
"1005 MORENO WAY,SACRAMENTO,95838,CA,3,2,180000"
"1675 VERNON ST Unit 24,ROSEVILLE,95678,CA,3,2,180000"
"24 WINDCHIME CT,SACRAMENTO,95823,CA,3,2,181000"
"540 HARLING CT,RIO LINDA,95673,CA,3,2,182000"
"1207 CRESCENDO DR,ROSEVILLE,95678,CA,3,2,182587"
"7577 EDDYLEE WAY,SACRAMENTO,95822,CA,4,2,185074"
"8369 FOPPIANO WAY,SACRAMENTO,95829,CA,3,2,185833"
"8817 SAWTELLE WAY,SACRAMENTO,95826,CA,4,2,186785"
"1910 BONAVISTA WAY,SACRAMENTO,95832,CA,3,2,187000"
"8 TIDE CT,SACRAMENTO,95833,CA,3,2,188335"
"8952 ROCKY CREEK CT,ELK GROVE,95758,CA,3,2,190000"
"435 EXCHANGE ST,SACRAMENTO,95838,CA,3,1,190000"
"10105 MONTE VALLO CT,SACRAMENTO,95827,CA,4,2,190000"
"3930 ANNABELLE AVE,ROSEVILLE,95661,CA,2,1,190000"
"4854 TANGERINE AVE,SACRAMENTO,95823,CA,3,2,191250"
"2909 SHAWN WAY,RANCHO CORDOVA,95670,CA,3,2,193000"
"4290 BLACKFORD WAY,SACRAMENTO,95823,CA,3,2,193500"
"5890 TT TRAK,FORESTHILL,95631,CA,0,0,194818"
"7015 WOODSIDE DR,SACRAMENTO,95842,CA,4,2,195000"
"6019 CHESHIRE WAY,CITRUS HEIGHTS,95610,CA,4,3,195000"
"3330 VILLAGE CT,CAMERON PARK,95682,CA,2,2,195000"
"2561 VERNA WAY,SACRAMENTO,95821,CA,3,1,195000"
"3522 22ND AVE,SACRAMENTO,95820,CA,3,1,198000"
"2880 CANDIDO DR,SACRAMENTO,95833,CA,3,2,199900"
"6908 PIN OAK CT,FAIR OAKS,95628,CA,3,1,200000"
"5733 ANGELINA AVE,CARMICHAEL,95608,CA,3,1,201000"
"7849 BONNY DOWNS WAY,ELK GROVE,95758,CA,4,2,204918"
"8716 LONGSPUR WAY,ANTELOPE,95843,CA,3,2,205000"
"6320 EL DORADO ST,EL DORADO,95623,CA,2,1,205000"
"2328 DOROTHY JUNE WAY,SACRAMENTO,95838,CA,3,2,205878"
"1986 DANVERS WAY,SACRAMENTO,95832,CA,4,2,207000"
"7901 GAZELLE TRAIL WAY,ANTELOPE,95843,CA,4,2,207744"
"6080 BRIDGECROSS DR,SACRAMENTO,95835,CA,3,2,209000"
"20 GROTH CIR,SACRAMENTO,95834,CA,3,2,210000"
"1900 DANBROOK DR,SACRAMENTO,95835,CA,1,1,210944"
"140 VENTO CT,ROSEVILLE,95678,CA,3,2,212500"
"8442 KEUSMAN ST,ELK GROVE,95758,CA,4,2,213750"
"9552 SUNLIGHT LN,ELK GROVE,95758,CA,3,2,215000"
"2733 YUMA CT,CAMERON PARK,95682,CA,2,2,215000"
"1407 TIFFANY CIR,ROSEVILLE,95661,CA,4,1,215000"
"636 CRESTVIEW DR,DIAMOND SPRINGS,95619,CA,3,2,216033"
"1528 HESKET WAY,SACRAMENTO,95825,CA,4,2,220000"
"2327 32ND ST,SACRAMENTO,95817,CA,2,1,220000"
"1833 2ND AVE,SACRAMENTO,95818,CA,2,1,220000"
"7252 CARRIAGE DR,CITRUS HEIGHTS,95621,CA,4,2,220000"
"9815 PASO FINO WAY,ELK GROVE,95757,CA,3,2,220000"
"5532 ENGLE RD,CARMICHAEL,95608,CA,2,2,220702"
"1139 CLINTON RD,SACRAMENTO,95825,CA,4,2,221250"
"9176 SAGE GLEN WAY,ELK GROVE,95758,CA,3,2,222000"
"9967 HATHERTON WAY,ELK GROVE,95757,CA,0,0,222500"
"9264 BOULDER RIVER WAY,ELK GROVE,95624,CA,5,2,222750"
"320 GROTH CIR,SACRAMENTO,95834,CA,3,2,225000"
"137 GUNNISON AVE,SACRAMENTO,95838,CA,4,2,225000"
"8209 RIVALLO WAY,SACRAMENTO,95829,CA,4,3,228750"
"8637 PERIWINKLE CIR,ELK GROVE,95624,CA,3,2,229000"
"3425 MEADOW WAY,ROCKLIN,95677,CA,3,2,230095"
"107 JARVIS CIR,SACRAMENTO,95834,CA,5,3,232500"
"2319 THORES ST,RANCHO CORDOVA,95670,CA,3,2,233000"
"8935 MOUNTAIN HOME CT,ELK GROVE,95624,CA,4,2,233500"
"2566 SERENATA WAY,SACRAMENTO,95835,CA,3,2,239000"
"4085 COUNTRY DR,ANTELOPE,95843,CA,4,3,240000"
"9297 TROUT WAY,ELK GROVE,95624,CA,4,2,240000"
"7 ARCHIBALD CT,SACRAMENTO,95823,CA,3,2,240971"
"11130 EEL RIVER CT,RANCHO CORDOVA,95670,CA,2,2,242000"
"8323 REDBANK WAY,SACRAMENTO,95829,CA,3,2,243450"
"16 BRONCO CREEK CT,SACRAMENTO,95835,CA,4,2,243500"
"8316 NORTHAM DR,ANTELOPE,95843,CA,3,2,246544"
"4240 WINJE DR,ANTELOPE,95843,CA,4,2,246750"
"3569 SODA WAY,SACRAMENTO,95834,CA,0,0,247000"
"5118 ROBANDER ST,CARMICHAEL,95608,CA,3,2,247000"
"5976 KYLENCH CT,CITRUS HEIGHTS,95621,CA,3,2,249000"
"9247 DELAIR WAY,ELK GROVE,95758,CA,4,3,249000"
"9054 DESCENDANT DR,ELK GROVE,95758,CA,3,2,250000"
"3450 WHITNOR CT,SACRAMENTO,95821,CA,3,2,250000"
"6288 LONETREE BLVD,ROCKLIN,95765,CA,0,0,250000"
"9355 MATADOR WAY,SACRAMENTO,95826,CA,4,2,252000"
"8671 SUMMER SUN WAY,ELK GROVE,95624,CA,3,2,255000"
"1890 GENEVA PL,SACRAMENTO,95825,CA,3,1,255000"
"1813 AVENIDA MARTINA,ROSEVILLE,95747,CA,3,2,255000"
"191 BARNHART CIR,SACRAMENTO,95835,CA,4,2,257200"
"6221 GREEN TOP WAY,ORANGEVALE,95662,CA,3,2,260000"
"2298 PRIMROSE LN,LINCOLN,95648,CA,3,2,260000"
"5635 LOS PUEBLOS WAY,SACRAMENTO,95835,CA,3,2,263500"
"10165 LOFTON WAY,ELK GROVE,95757,CA,3,2,266510"
"1251 GREEN RAVINE DR,LINCOLN,95648,CA,4,2,267750"
"6001 SHOO FLY RD,PLACERVILLE,95667,CA,0,0,270000"
"3040 PARKHAM DR,ROSEVILLE,95747,CA,0,0,271000"
"2674 TAM O SHANTER DR,EL DORADO HILLS,95762,CA,4,2,272700"
"6007 MARYBELLE LN,SHINGLE SPRINGS,95682,CA,0,0,275000"
"9949 NESTLING CIR,ELK GROVE,95757,CA,3,2,275000"
"2915 HOLDREGE WAY,SACRAMENTO,95835,CA,5,3,276000"
"2678 BRIARTON DR,LINCOLN,95648,CA,3,2,276500"
"294 SPARROW DR,GALT,95632,CA,4,3,278000"
"2987 DIORITE WAY,SACRAMENTO,95835,CA,5,3,279000"
"6326 APPIAN WAY,CARMICHAEL,95608,CA,3,2,280000"
"6905 COBALT WAY,CITRUS HEIGHTS,95621,CA,4,2,280000"
"8986 HAFLINGER WAY,ELK GROVE,95757,CA,3,2,285000"
"2916 BABSON DR,ELK GROVE,95758,CA,3,2,288000"
"10133 NEBBIOLO CT,ELK GROVE,95624,CA,4,3,289000"
"1103 COMMONS DR,SACRAMENTO,95825,CA,3,2,290000"
"4636 TEAL BAY CT,ANTELOPE,95843,CA,4,2,290000"
"1524 YOUNGS AVE,SACRAMENTO,95838,CA,4,2,293996"
"865 CONRAD CT,PLACERVILLE,95667,CA,3,2,294000"
"8463 TERRACOTTA CT,ELK GROVE,95624,CA,4,2,294173"
"5747 KING RD,LOOMIS,95650,CA,4,2,295000"
"8253 KEEGAN WAY,ELK GROVE,95624,CA,0,0,298000"
"9204 TROUT WAY,ELK GROVE,95624,CA,4,2,298000"
"1828 2ND AVE,SACRAMENTO,95818,CA,2,1,299000"
"1113 COMMONS DR,SACRAMENTO,95825,CA,2,2,300000"
"2341 BIG STRIKE TRL,COOL,95614,CA,3,2,300000"
"9452 RED SPRUCE WAY,ELK GROVE,95624,CA,6,3,300000"
"5776 TERRACE DR,ROCKLIN,95765,CA,3,2,300567"
"5908 MCLEAN DR,ELK GROVE,95757,CA,5,3,303000"
"8215 PEREGRINE WAY,CITRUS HEIGHTS,95610,CA,3,2,305000"
"1104 HILLSDALE LN,LINCOLN,95648,CA,4,2,306000"
"2949 PANAMA AVE,CARMICHAEL,95608,CA,3,2,310000"
"1356 HARTLEY WAY,FOLSOM,95630,CA,3,2,310000"
"633 HANISCH DR,ROSEVILLE,95678,CA,4,3,310000"
"63 ANGEL ISLAND CIR,SACRAMENTO,95831,CA,4,2,311518"
"1571 WILD OAK LN,LINCOLN,95648,CA,5,3,312000"
"5222 COPPER SUNSET WAY,RANCHO CORDOVA,95742,CA,0,0,313000"
"5601 SPINDRIFT LN,ORANGEVALE,95662,CA,4,2,315000"
"652 FIFTEEN MILE DR,ROSEVILLE,95678,CA,4,3,315000"
"7921 DOE TRAIL WAY,ANTELOPE,95843,CA,5,3,315000"
"4204 LUSK DR,SACRAMENTO,95864,CA,3,2,315000"
"5321 DELTA DR,ROCKLIN,95765,CA,4,2,315000"
"5608 ROSEDALE WAY,SACRAMENTO,95822,CA,3,2,320000"
"3372 BERETANIA WAY,SACRAMENTO,95834,CA,4,3,322000"
"2422 STEFANIE DR,ROCKLIN,95765,CA,4,2,325000"
"3232 PARKHAM DR,ROSEVILLE,95747,CA,0,0,325500"
"448 ELMWOOD CT,ROSEVILLE,95678,CA,3,2,326951"
"1214 DAWNWOOD DR,GALT,95632,CA,3,2,328370"
"1440 EMERALD LN,LINCOLN,95648,CA,2,2,330000"
"3349 CORVINA DR,RANCHO CORDOVA,95670,CA,4,3,330000"
"10254 JULIANA WAY,SACRAMENTO,95827,CA,4,2,331200"
"149 OPUS CIR,SACRAMENTO,95834,CA,4,3,332000"
"580 REGENCY PARK CIR,SACRAMENTO,95835,CA,3,3,334000"
"5544 CAMAS CT,ORANGEVALE,95662,CA,3,2,335000"
"5102 ARCHCREST WAY,SACRAMENTO,95835,CA,4,2,341000"
"5725 BALFOR RD,ROCKLIN,95765,CA,5,3,346375"
"7697 ROSEHALL DR,ROSEVILLE,95678,CA,5,3,347225"
"4821 HUTSON WAY,ELK GROVE,95757,CA,5,3,349000"
"4509 WINJE DR,ANTELOPE,95843,CA,3,2,350000"
"1965 LAURELHURST LN,LINCOLN,95648,CA,2,2,350000"
"6709 ROSE BRIDGE DR,ROSEVILLE,95678,CA,3,2,350000"
"281 SPYGLASS HL,ROSEVILLE,95678,CA,3,2,350000"
"7709 RIVER VILLAGE DR,SACRAMENTO,95831,CA,3,2,351000"
"4165 BRISBANE CIR,EL DORADO HILLS,95762,CA,3,2,356200"
"506 BEDFORD CT,ROSEVILLE,95661,CA,4,2,360000"
"9048 PINTO CANYON WAY,ROSEVILLE,95747,CA,4,3,367463"
"2274 IVY BRIDGE DR,ROSEVILLE,95747,CA,0,0,375000"
"14004 WALNUT AVE,WALNUT GROVE,95690,CA,3,1,380000"
"6905 FRANKFORT CT,ELK GROVE,95758,CA,3,2,380578"
"3621 WINTUN DR,CARMICHAEL,95608,CA,3,2,386222"
"201 KIRKLAND CT,LINCOLN,95648,CA,0,0,389000"
"12075 APPLESBURY CT,RANCHO CORDOVA,95742,CA,0,0,390000"
"1975 SIDESADDLE WAY,ROSEVILLE,95661,CA,3,2,395500"
"5420 ALMOND FALLS WAY,RANCHO CORDOVA,95742,CA,0,0,396000"
"9677 PILLITERI CT,ELK GROVE,95757,CA,5,3,397000"
"1515 EL CAMINO VERDE DR,LINCOLN,95648,CA,0,0,400000"
"556 PLATT CIR,EL DORADO HILLS,95762,CA,4,2,400000"
"1792 DIAMOND WOODS CIR,ROSEVILLE,95747,CA,4,3,412500"
"1124 PERKINS WAY,SACRAMENTO,95818,CA,2,1,413500"
"4748 SALEM WAY,CARMICHAEL,95608,CA,3,2,415000"
"1484 RADCLIFFE WAY,AUBURN,95603,CA,4,3,420454"
"51 AIKEN WAY,SACRAMENTO,95819,CA,3,1,425000"
"2818 KNOLLWOOD DR,CAMERON PARK,95682,CA,3,2,425000"
"1536 STONEY CROSS LN,LINCOLN,95648,CA,0,0,433500"
"509 CASTILLIAN CT,ROSEVILLE,95747,CA,5,3,438000"
"700 HUNTER PL,FOLSOM,95630,CA,5,3,441000"
"1240 FAY CIR,SACRAMENTO,95831,CA,5,3,445000"
"1113 SANDWICK WAY,FOLSOM,95630,CA,4,3,446000"
"3108 DELWOOD WAY,SACRAMENTO,95821,CA,4,2,450000"
"3212 CORNICHE LN,ROSEVILLE,95661,CA,4,3,455000"
"2159 BECKETT DR,EL DORADO HILLS,95762,CA,3,2,460000"
"4320 FOUR SEASONS RD,PLACERVILLE,95667,CA,3,2,475000"
"6401 MARSHALL RD,GARDEN VALLEY,95633,CA,3,2,490000"
"2089 BECKETT DR,EL DORADO HILLS,95762,CA,4,2,493000"
"6196 EDGEHILL DR,EL DORADO HILLS,95762,CA,5,4,508000"
"200 HILLSFORD CT,ROSEVILLE,95747,CA,0,0,511000"
"8217 PLUMERIA AVE,FAIR OAKS,95628,CA,3,2,525000"
"4841 VILLAGE GREEN DR,EL DORADO HILLS,95762,CA,4,3,533000"
"3863 LAS PASAS WAY,SACRAMENTO,95864,CA,3,1,545000"
"820 DANA CT,AUBURN,95603,CA,4,3,560000"
"1165 37TH ST,SACRAMENTO,95816,CA,2,1,575000"
"203 CASCADE FALLS DR,FOLSOM,95630,CA,4,3,575000"
"9880 IZILDA CT,SACRAMENTO,95829,CA,5,4,598695"
"1800 AVONDALE DR,ROSEVILLE,95747,CA,5,3,600000"
"4620 BROMWICH CT,ROCKLIN,95677,CA,4,3,600000"
"620 KESWICK CT,GRANITE BAY,95746,CA,4,3,600000"
"4478 GREENBRAE RD,ROCKLIN,95677,CA,0,0,600000"
"8432 BRIGGS DR,ROSEVILLE,95747,CA,5,3,610000"
"200 CRADLE MOUNTAIN CT,EL DORADO HILLS,95762,CA,0,0,622500"
"2065 IMPRESSIONIST WAY,EL DORADO HILLS,95762,CA,0,0,680000"
"2982 ABERDEEN LN,EL DORADO HILLS,95762,CA,4,3,879000"
"9401 BARREL RACER CT,WILTON,95693,CA,4,3,884790"
"3720 VISTA DE MADERA,LINCOLN,95648,CA,3,3,1551"
"14151 INDIO DR,SLOUGHHOUSE,95683,CA,3,4,2000"
"7401 TOULON LN,SACRAMENTO,95828,CA,4,2,56950"
"9127 NEWHALL DR Unit 34,SACRAMENTO,95826,CA,1,1,60000"
"5937 BAMFORD DR,SACRAMENTO,95823,CA,2,1,61000"
"5672 HILLSDALE BLVD,SACRAMENTO,95842,CA,2,1,62000"
"3920 39TH ST,SACRAMENTO,95820,CA,2,1,68566"
"701 JESSIE AVE,SACRAMENTO,95838,CA,2,1,70000"
"83 ARCADE BLVD,SACRAMENTO,95815,CA,4,2,80000"
"601 REGGINALD WAY,SACRAMENTO,95838,CA,3,2,85500"
"550 DEL VERDE CIR,SACRAMENTO,95833,CA,2,1,92000"
"4113 DAYSTAR CT,SACRAMENTO,95824,CA,2,2,93600"
"7374 TISDALE WAY,SACRAMENTO,95822,CA,3,1,95000"
"3348 RIO LINDA BLVD,SACRAMENTO,95838,CA,3,2,97750"
"3935 LIMESTONE WAY,SACRAMENTO,95823,CA,3,2,104000"
"6208 GRATTAN WAY,NORTH HIGHLANDS,95660,CA,3,1,105000"
"739 E WOODSIDE LN Unit E,SACRAMENTO,95825,CA,1,1,107666"
"4225 46TH AVE,SACRAMENTO,95824,CA,3,1,109000"
"1434 BELL AVE,SACRAMENTO,95838,CA,3,1,110000"
"5628 GEORGIA DR,NORTH HIGHLANDS,95660,CA,3,1,110000"
"7629 BETH ST,SACRAMENTO,95832,CA,3,2,112500"
"2277 BABETTE WAY,SACRAMENTO,95832,CA,3,2,114800"
"6561 WEATHERFORD WAY,SACRAMENTO,95823,CA,3,1,116000"
"3035 ESTEPA DR Unit 5C,CAMERON PARK,95682,CA,0,0,119000"
"5136 CABOT CIR,SACRAMENTO,95820,CA,4,2,121500"
"7730 ROBINETTE RD,SACRAMENTO,95828,CA,3,2,122000"
"87 LACAM CIR,SACRAMENTO,95820,CA,2,2,123675"
"1691 NOGALES ST,SACRAMENTO,95838,CA,4,2,126854"
"3118 42ND ST,SACRAMENTO,95817,CA,3,2,127059"
"7517 50TH AVE,SACRAMENTO,95828,CA,3,1,128687"
"4071 EVALITA WAY,SACRAMENTO,95823,CA,3,2,129500"
"7928 36TH AVE,SACRAMENTO,95824,CA,3,2,130000"
"6631 DEMARET DR,SACRAMENTO,95822,CA,4,2,131750"
"7043 9TH AVE,RIO LINDA,95673,CA,2,1,132000"
"97 KENNELFORD CIR,SACRAMENTO,95823,CA,3,2,134000"
"2636 TRONERO WAY,RANCHO CORDOVA,95670,CA,3,1,134000"
"1530 TOPANGA LN Unit 204,LINCOLN,95648,CA,0,0,138000"
"3604 KODIAK WAY,ANTELOPE,95843,CA,3,2,142000"
"2149 COTTAGE WAY,SACRAMENTO,95825,CA,3,1,143012"
"8632 PRAIRIEWOODS DR,SACRAMENTO,95828,CA,3,2,145846"
"612 STONE BLVD,WEST SACRAMENTO,95691,CA,2,1,147000"
"4180 12TH AVE,SACRAMENTO,95817,CA,3,1,148750"
"8025 ARROYO VISTA DR,SACRAMENTO,95823,CA,4,2,150000"
"5754 WALERGA RD Unit 4,SACRAMENTO,95842,CA,2,1,150454"
"8 LA ROCAS CT,SACRAMENTO,95823,CA,3,2,151087"
"8636 LONGSPUR WAY,ANTELOPE,95843,CA,3,2,157296"
"1941 EXPEDITION WAY,SACRAMENTO,95832,CA,3,2,157500"
"4351 TURNBRIDGE DR,SACRAMENTO,95823,CA,3,2,160000"
"6513 HOLIDAY WAY,NORTH HIGHLANDS,95660,CA,3,2,160000"
"8321 MISTLETOE WAY,CITRUS HEIGHTS,95621,CA,4,2,161250"
"5920 VALLEY GLEN WAY,SACRAMENTO,95823,CA,3,2,164000"
"2601 SAN FERNANDO WAY,SACRAMENTO,95818,CA,2,1,165000"
"501 POPLAR AVE,WEST SACRAMENTO,95691,CA,0,0,165000"
"8008 SAINT HELENA CT,SACRAMENTO,95829,CA,4,2,165750"
"6517 DONEGAL DR,CITRUS HEIGHTS,95621,CA,3,1,166000"
"1001 RIO NORTE WAY,SACRAMENTO,95834,CA,3,2,169000"
"604 P ST,LINCOLN,95648,CA,3,2,170000"
"10001 WOODCREEK OAKS BLVD Unit 815,ROSEVILLE,95747,CA,2,2,170000"
"7351 GIGI PL,SACRAMENTO,95828,CA,4,2,170000"
"7740 DIXIE LOU ST,SACRAMENTO,95832,CA,3,2,170000"
"7342 DAVE ST,SACRAMENTO,95828,CA,3,1,170725"
"7687 HOWERTON DR,SACRAMENTO,95831,CA,2,2,171750"
"26 KAMSON CT,SACRAMENTO,95833,CA,3,2,172000"
"7045 PEEVEY CT,SACRAMENTO,95823,CA,2,2,173056"
"8916 GABLES MILL PL,ELK GROVE,95758,CA,3,2,174000"
"1140 EDMONTON DR,SACRAMENTO,95833,CA,3,2,174250"
"8879 APPLE PEAR CT,ELK GROVE,95624,CA,4,2,176850"
"9 WIND CT,SACRAMENTO,95823,CA,4,2,179500"
"8570 SHERATON DR,FAIR OAKS,95628,CA,3,1,185000"
"1550 TOPANGA LN Unit 207,LINCOLN,95648,CA,0,0,188000"
"1080 RIO NORTE WAY,SACRAMENTO,95834,CA,3,2,188700"
"5501 VALLETTA WAY,SACRAMENTO,95820,CA,3,1,189000"
"5624 MEMORY LN,FAIR OAKS,95628,CA,3,1,189000"
"6622 WILLOWLEAF DR,CITRUS HEIGHTS,95621,CA,4,3,189836"
"27 MEGAN CT,SACRAMENTO,95838,CA,4,2,190000"
"6601 WOODMORE OAKS DR,ORANGEVALE,95662,CA,3,2,191250"
"1973 DANVERS WAY,SACRAMENTO,95832,CA,3,2,191675"
"8001 ARROYO VISTA DR,SACRAMENTO,95823,CA,3,2,195500"
"7409 VOYAGER WAY,CITRUS HEIGHTS,95621,CA,3,1,198000"
"815 CROSSWIND DR,SACRAMENTO,95838,CA,3,2,200000"
"5509 LAGUNA CREST WAY,ELK GROVE,95758,CA,3,2,200000"
"8424 MERRY HILL WAY,ELK GROVE,95624,CA,3,2,200000"
"1525 PENNSYLVANIA AVE,WEST SACRAMENTO,95691,CA,0,0,200100"
"5954 BRIDGECROSS DR,SACRAMENTO,95835,CA,3,2,201528"
"8789 SEQUOIA WOOD CT,ELK GROVE,95624,CA,4,2,204750"
"6600 SILVERTHORNE CIR,SACRAMENTO,95842,CA,4,3,205000"
"2221 2ND AVE,SACRAMENTO,95818,CA,2,2,205000"
"3230 SMATHERS WAY,CARMICHAEL,95608,CA,3,2,205900"
"5209 LAGUNA CREST WAY,ELK GROVE,95758,CA,2,2,207000"
"416 LEITCH AVE,SACRAMENTO,95815,CA,2,1,207973"
"2100 BEATTY WAY,ROSEVILLE,95747,CA,3,2,208250"
"6920 GILLINGHAM WAY,NORTH HIGHLANDS,95660,CA,3,1,208318"
"82 WILDFLOWER DR,GALT,95632,CA,3,2,209347"
"8652 BANTON CIR,ELK GROVE,95624,CA,4,2,211500"
"8428 MISTY PASS WAY,ANTELOPE,95843,CA,3,2,212000"
"7958 ROSEVIEW WAY,SACRAMENTO,95828,CA,3,2,213000"
"9020 LUKEN CT,ELK GROVE,95624,CA,3,2,216000"
"7809 VALLECITOS WAY,SACRAMENTO,95828,CA,3,1,216021"
"8445 OLD AUBURN RD,CITRUS HEIGHTS,95610,CA,3,2,219000"
"10085 ATKINS DR,ELK GROVE,95757,CA,3,2,219794"
"9185 CERROLINDA CIR,ELK GROVE,95758,CA,3,2,220000"
"9197 CORTINA CIR,ROSEVILLE,95678,CA,3,2,220000"
"5429 HESPER WAY,CARMICHAEL,95608,CA,4,2,220000"
"1178 WARMWOOD CT,GALT,95632,CA,4,2,220000"
"4900 ELUDE CT,SACRAMENTO,95842,CA,4,2,223000"
"3557 SODA WAY,SACRAMENTO,95834,CA,0,0,224000"
"3528 SAINT GEORGE DR,SACRAMENTO,95821,CA,3,1,224000"
"7381 WASHBURN WAY,NORTH HIGHLANDS,95660,CA,3,1,224252"
"2181 WINTERHAVEN CIR,CAMERON PARK,95682,CA,3,2,224500"
"7540 HICKORY AVE,ORANGEVALE,95662,CA,3,1,225000"
"5024 CHAMBERLIN CIR,ELK GROVE,95757,CA,3,2,228000"
"2400 INVERNESS DR,LINCOLN,95648,CA,3,2,229027"
"5 BISHOPGATE CT,SACRAMENTO,95823,CA,4,2,229500"
"5601 REXLEIGH DR,SACRAMENTO,95823,CA,4,2,230000"
"1909 YARNELL WAY,ELK GROVE,95758,CA,3,2,230000"
"9169 GARLINGTON CT,SACRAMENTO,95829,CA,4,3,232425"
"6932 RUSKUT WAY,SACRAMENTO,95823,CA,3,2,234000"
"7933 DAFFODIL WAY,CITRUS HEIGHTS,95610,CA,3,2,235000"
"8304 RED FOX WAY,ELK GROVE,95758,CA,4,2,235301"
"3882 YELLOWSTONE LN,EL DORADO HILLS,95762,CA,3,2,235738"
